accepted_family,Species Count,Genus Count
Asteraceae,35225,1729
Orchidaceae,31562,730
Fabaceae,22688,807
Rubiaceae,14355,622
Poaceae,12391,836
Lamiaceae,8227,224
Apocynaceae,6706,389
Euphorbiaceae,6555,230
Myrtaceae,6378,130
Cyperaceae,6049,96
Melastomataceae,5987,169
Rosaceae,5843,111
Malvaceae,5571,249
Acanthaceae,5521,209
Ericaceae,4712,122
Araceae,4593,150
Polypodiaceae,4519,69
Brassicaceae,4241,356
Ranunculaceae,4023,49
Gesneriaceae,3978,154
Apiaceae,3965,454
Piperaceae,3870,5
Bromeliaceae,3722,79
Asparagaceae,3552,126
Boraginaceae,3502,154
Aspleniaceae,3461,25
Primulaceae,3412,55
Lauraceae,3408,58
Caryophyllaceae,3398,105
Solanaceae,2872,103
Iridaceae,2609,69
Annonaceae,2574,107
Amaryllidaceae,2534,70
Arecaceae,2521,186
Campanulaceae,2517,96
Amaranthaceae,2410,180
Scrophulariaceae,2322,60
Orobanchaceae,2276,99
Rutaceae,2221,150
Plantaginaceae,2208,104
Begoniaceae,2131,2
Urticaceae,2118,59
Phyllanthaceae,2097,58
Zingiberaceae,2007,58
Cactaceae,2001,179
Sapindaceae,1995,143
Convolvulaceae,1974,57
Gentianaceae,1897,105
Proteaceae,1875,75
Crassulaceae,1822,39
Aizoaceae,1799,120
Araliaceae,1687,46
Salicaceae,1617,51
Polygonaceae,1606,59
Malpighiaceae,1494,71
Pteridaceae,1489,27
Sapotaceae,1367,74
Celastraceae,1364,99
Polygalaceae,1329,30
Moraceae,1306,47
Violaceae,1288,25
Asphodelaceae,1264,42
Rhamnaceae,1227,65
Eriocaulaceae,1214,8
Fagaceae,1185,8
Balsaminaceae,1172,2
Plumbaginaceae,1140,20
Santalaceae,1134,40
Caprifoliaceae,1120,34
Loranthaceae,1076,78
Cucurbitaceae,1065,100
Papaveraceae,1062,43
Passifloraceae,1061,31
Vitaceae,1036,20
Thymelaeaceae,969,52
Verbenaceae,945,33
Anacardiaceae,942,81
Pandanaceae,932,5
Saxifragaceae,909,40
Clusiaceae,898,18
Bignoniaceae,888,79
Cyatheaceae,817,14
Ebenaceae,813,3
Geraniaceae,811,7
Liliaceae,804,15
Onagraceae,800,22
Elaeocarpaceae,791,12
Commelinaceae,777,36
Meliaceae,772,58
Burseraceae,770,18
Oleaceae,763,27
Aristolochiaceae,760,8
Selaginellaceae,747,1
Berberidaceae,737,13
Lythraceae,700,28
Oxalidaceae,685,5
Dioscoreaceae,658,4
Ochnaceae,643,37
Hypericaceae,636,6
Dilleniaceae,615,11
Hymenophyllaceae,588,2
Marantaceae,587,28
Combretaceae,587,10
Aquifoliaceae,576,1
Restionaceae,554,48
Menispermaceae,554,81
Chrysobalanaceae,547,27
Pentaphylacaceae,542,12
Myristicaceae,541,21
Dipterocarpaceae,538,22
Juncaceae,530,7
Loganiaceae,505,16
Goodeniaceae,472,7
Lycopodiaceae,462,3
Nyctaginaceae,462,32
Actinidiaceae,450,3
Lentibulariaceae,448,3
Capparaceae,438,15
Calophyllaceae,438,13
Polemoniaceae,433,27
Symplocaceae,411,1
Xyridaceae,410,5
Lecythidaceae,394,30
Magnoliaceae,377,2
Theaceae,375,8
Podostemaceae,362,53
Cunoniaceae,337,27
Loasaceae,335,22
Stylidiaceae,329,5
Linderniaceae,327,20
Pittosporaceae,324,9
Velloziaceae,316,7
Colchicaceae,296,15
Zygophyllaceae,295,21
Cistaceae,292,8
Linaceae,284,9
Erythroxylaceae,283,4
Dennstaedtiaceae,282,8
Monimiaceae,279,26
Droseraceae,276,3
Calceolariaceae,274,2
Montiaceae,270,17
Lindsaeaceae,270,7
Pinaceae,269,11
Smilacaceae,267,1
Alstroemeriaceae,261,4
Zamiaceae,259,9
Burmanniaceae,251,13
Vochysiaceae,249,9
Cyclanthaceae,242,12
Connaraceae,241,12
Isoetaceae,236,1
Viburnaceae,233,3
Phrymaceae,230,15
Hydrangeaceae,228,9
Cleomaceae,226,2
Putranjivaceae,221,2
Nepenthaceae,212,1
Betulaceae,212,6
Schizaeaceae,209,3
Dichapetalaceae,209,3
Heliconiaceae,204,1
Podocarpaceae,199,20
Grossulariaceae,198,1
Potamogetonaceae,193,5
Melanthiaceae,192,14
Marattiaceae,188,6
Olacaceae,184,29
Achariaceae,178,31
Cupressaceae,177,30
Haloragaceae,169,8
Hypoxidaceae,166,5
Sabiaceae,164,3
Costaceae,163,8
Styracaceae,163,12
Gleicheniaceae,163,8
Escalloniaceae,158,8
Icacinaceae,158,23
Rhizophoraceae,155,15
Portulacaceae,153,1
Ophioglossaceae,145,4
Hydrocharitaceae,143,14
Marcgraviaceae,136,7
Buxaceae,129,6
Simaroubaceae,126,20
Alismataceae,122,18
Cannabaceae,121,10
Cycadaceae,119,1
Resedaceae,118,11
Haemodoraceae,117,15
Hamamelidaceae,115,27
Cornaceae,113,2
Tamaricaceae,113,4
Elaeagnaceae,107,3
Peraceae,107,5
Nymphaeaceae,101,5
Clethraceae,100,2
Picrodendraceae,98,25
Musaceae,98,3
Rapateaceae,97,17
Molluginaceae,97,11
Tropaeolaceae,97,1
Winteraceae,95,5
Casuarinaceae,91,4
Juglandaceae,84,9
Frankeniaceae,84,1
Schisandraceae,84,3
Bruniaceae,81,6
Pedaliaceae,79,11
Stemonuraceae,79,12
Ephedraceae,75,1
Chloranthaceae,75,4
Typhaceae,74,2
Menyanthaceae,73,6
Sarcolaenaceae,72,10
Hernandiaceae,70,4
Humiriaceae,67,8
Metteniusaceae,66,11
Ulmaceae,65,7
Gunneraceae,65,1
Triuridaceae,64,8
Balanophoraceae,61,16
Anacampserotaceae,61,3
Brunelliaceae,60,1
Aponogetonaceae,60,1
Elatinaceae,58,2
Marsileaceae,58,3
Anisophylleaceae,57,4
Siparunaceae,54,2
Picramniaceae,54,4
Sarraceniaceae,54,3
Myricaceae,52,3
Rafflesiaceae,50,3
Mazaceae,49,4
Pontederiaceae,47,2
Calyceraceae,47,8
Staphyleaceae,45,3
Caricaceae,44,6
Gnetaceae,44,1
Paeoniaceae,42,1
Nothofagaceae,42,1
Cardiopteridaceae,41,5
Equisetaceae,41,1
Lardizabalaceae,41,7
Stilbaceae,40,12
Stemonaceae,39,4
Penaeaceae,39,3
Bonnetiaceae,38,3
Schlegeliaceae,38,4
Araucariaceae,38,3
Opiliaceae,38,11
Nartheciaceae,37,5
Asteliaceae,37,3
Nyssaceae,37,5
Francoaceae,36,8
Paracryphiaceae,36,3
Juncaginaceae,35,3
Schoepfiaceae,34,3
Phytolaccaceae,34,4
Trigoniaceae,33,5
Lowiaceae,32,1
Pentaphragmataceae,32,1
Daphniphyllaceae,31,1
Taxaceae,30,5
Tofieldiaceae,30,4
Osmundaceae,28,4
Saccolomataceae,28,1
Talinaceae,28,2
Hypodematiaceae,27,2
Tecophilaeaceae,27,9
Bixaceae,27,3
Corsiaceae,27,3
Garryaceae,27,2
Caryocaraceae,26,2
Limeaceae,25,1
Argophyllaceae,25,2
Canellaceae,23,5
Hanguanaceae,23,1
Iteaceae,23,2
Hydrostachyaceae,22,1
Petiveriaceae,22,9
Salviniaceae,21,2
Dipentodontaceae,21,2
Didymochlaenaceae,21,1
Psilotaceae,20,2
Sphaerosepalaceae,20,2
Gyrostemonaceae,20,5
Didiereaceae,20,6
Dasypogonaceae,20,4
Ancistrocladaceae,20,1
Zosteraceae,19,2
Basellaceae,19,4
Diapensiaceae,19,6
Cymodoceaceae,18,6
Ixonanthaceae,18,3
Krameriaceae,17,1
Lacistemataceae,17,2
Nitrariaceae,17,4
Pandaceae,17,3
Coriariaceae,17,1
Atherospermataceae,17,7
Myodocarpaceae,15,2
Rousseaceae,15,4
Altingiaceae,15,1
Gelsemiaceae,14,3
Martyniaceae,14,5
Hydroleaceae,14,1
Hydatellaceae,13,1
Moringaceae,13,1
Boryaceae,13,2
Crypteroniaceae,12,3
Irvingiaceae,12,4
Apodanthaceae,12,2
Cytinaceae,12,2
Strelitziaceae,12,3
Ruppiaceae,12,1
Cannaceae,12,1
Peridiscaceae,11,4
Fouquieriaceae,11,1
Cyrillaceae,11,2
Paulowniaceae,11,3
Dipteridaceae,11,2
Torricelliaceae,11,3
Calycanthaceae,11,3
Microteaceae,10,1
Stachyuraceae,10,1
Platanaceae,10,1
Achatocarpaceae,10,2
Alseuosmiaceae,10,4
Salvadoraceae,10,3
Phellinaceae,10,1
Posidoniaceae,9,1
Limnanthaceae,9,2
Balanopaceae,9,1
Macarthuriaceae,9,1
Surianaceae,9,5
Centroplacaceae,9,2
Cephalotaxaceae,8,1
Asteropeiaceae,8,1
Columelliaceae,8,2
Byblidaceae,8,1
Kewaceae,8,1
Trimeniaceae,8,1
Misodendraceae,8,1
Neuradaceae,8,3
Gisekiaceae,7,1
Crossosomataceae,7,4
Griseliniaceae,7,1
Cabombaceae,7,2
Lophiocarpaceae,7,2
Ceratophyllaceae,6,1
Saururaceae,6,4
Ripogonaceae,6,1
Kirkiaceae,6,1
Philydraceae,6,3
Thomandersiaceae,6,1
Tapisciaceae,6,2
Flagellariaceae,5,1
Mayacaceae,5,1
Corynocarpaceae,5,1
Vahliaceae,5,1
Montiniaceae,5,3
Carlemanniaceae,5,2
Phyllonomaceae,5,1
Ixioliriaceae,5,1
Pennantiaceae,4,1
Biebersteiniaceae,4,1
Tetrameristaceae,4,3
Thurniaceae,4,2
Acoraceae,4,1
Helwingiaceae,4,1
Blandfordiaceae,4,1
Berberidopsidaceae,4,2
Stegnospermataceae,4,1
Matoniaceae,4,2
Huaceae,4,2
Campynemataceae,4,2
Ecdeiocoleaceae,3,2
Joinvilleaceae,3,1
Grubbiaceae,3,1
Petrosaviaceae,3,2
Sladeniaceae,3,2
Eupomatiaceae,3,1
Tetrachondraceae,3,2
Euphroniaceae,3,1
Dioncophyllaceae,3,3
Rhabdodendraceae,3,1
Muntingiaceae,3,3
Ctenolophonaceae,2,1
Philesiaceae,2,2
Xeronemataceae,2,1
Butomaceae,2,1
Bataceae,2,1
Koeberliniaceae,2,1
Sphenocleaceae,2,1
Goupiaceae,2,1
Eupteleaceae,2,1
Aphanopetalaceae,2,1
Sarcobataceae,2,1
Cystodiaceae,2,1
Lepidobotryaceae,2,2
Circaeasteraceae,2,2
Doryanthaceae,2,1
Trochodendraceae,2,2
Lonchitidaceae,2,1
Degeneriaceae,2,1
Physenaceae,2,1
Akaniaceae,2,2
Dirachmaceae,2,1
Nelumbonaceae,2,1
Strasburgeriaceae,2,2
Cercidiphyllaceae,2,1
Tetramelaceae,2,2
Oncothecaceae,2,1
Penthoraceae,2,1
Roridulaceae,2,1
Tovariaceae,2,1
Myrothamnaceae,2,1
Gerrardinaceae,2,1
Mitrastemonaceae,2,1
Quillajaceae,2,1
Datiscaceae,2,1
Ginkgoaceae,1,1
Curtisiaceae,1,1
Scheuchzeriaceae,1,1
Cephalotaceae,1,1
Barbeyaceae,1,1
Austrobaileyaceae,1,1
Barbeuiaceae,1,1
Maundiaceae,1,1
Thismiaceae,1,1
Drosophyllaceae,1,1
Halophytaceae,1,1
Tetracarpaeaceae,1,1
Lophopyxidaceae,1,1
Plocospermataceae,1,1
Tiganophytaceae,1,1
Simmondsiaceae,1,1
Petenaeaceae,1,1
Setchellanthaceae,1,1
Geissolomataceae,1,1
Ticodendraceae,1,1
Lanariaceae,1,1
Aphloiaceae,1,1
Emblingiaceae,1,1
Gomortegaceae,1,1
Eucommiaceae,1,1
Sciadopityaceae,1,1
Cynomoriaceae,1,1
Himantandraceae,1,1
Pentadiplandraceae,1,1
Petermanniaceae,1,1
Welwitschiaceae,1,1
Alzateaceae,1,1
Aextoxicaceae,1,1
Amborellaceae,1,1
Guamatelaceae,1,1
